user,id,name,danceability,energy,key,loudness,mode,speechiness,acousticness,instrumentalness,liveness,valence,tempo,duration_ms,time_signature
pcarbomestre,3Cs4g3w33H9YEptmg34DQc,I Follow Rivers,0.275,0.175,7,-15.043,1,0.0373,0.793,0.0218,0.111,0.0382,85.56,166763,3
pcarbomestre,61GEP8lryEfcuEgBMbRmNi,Alone And Forsaken,0.472,0.182,5,-12.279,1,0.0649,0.971,0.00604,0.113,0.488,80.458,121733,4
pcarbomestre,05TrrXoqoI17WhDCP2mX19,Strange Game,0.469,0.585,5,-6.433,0,0.037,0.322,8.71e-4,0.105,0.295,107.825,212853,4
pcarbomestre,5xfWu2F22jWwdQBonXsTYS,Fortanach,0.255,0.315,2,-13.346,0,0.0437,0.463,0.669,0.108,0.0374,76.792,125295,4
pcarbomestre,56oReVXIfUO9xkX7pHmEU0,On the Nature of Daylight,0.065,0.341,10,-12.743,0,0.0482,0.154,0.854,0.109,0.0334,65.38,371747,4
pcarbomestre,4ww1IQzMe3wIRPEAE9ExeI,A Lo Canario,0.884,0.659,0,-9.889,0,0.106,0.271,0,0.0985,0.579,112.065,172747,4
pcarbomestre,6uW0PIRcyZLvkoonm763xD,Contando Lunares (feat. Cruz Cafuné),0.856,0.523,4,-10.481,0,0.131,0.442,0,0.0537,0.709,105.935,219667,4
pcarbomestre,4LGF2tDg3878bs0mQPByZ4,Guaranteed,0.436,0.4,7,-11.485,1,0.0272,0.904,0.00105,0.125,0.351,100.734,164500,4
pcarbomestre,6jsDKCEfVwGWEBnmYZUaJN,No Time Left,0.296,0.00444,9,-42.257,1,0.0398,0.994,0.91,0.12,0.0384,79.985,105000,4
pcarbomestre,3oTnVBTeltKBnFfxMloUsc,Ages,0.734,0.822,7,-8.68,0,0.0449,0.607,0.566,0.111,0.0319,120.002,209000,4
pcarbomestre,4Dl8bEzhAEGbcwkQawS1XG,Antes de Morirme (feat. ROSALÍA),0.864,0.497,8,-8.886,0,0.18,0.0736,0.00308,0.108,0.133,97.93,199994,4
pcarbomestre,3joo84oco9CD4dBsKNWRRW,Bien Duro,0.845,0.67,7,-5.873,1,0.207,0.163,0.0242,0.1,0.69,101.028,182541,4
pcarbomestre,5tMLIgw6yxobsAyIVvfHo5,Agua y Mezcal,0.461,0.523,10,-7.866,0,0.226,0.881,0,0.132,0.272,80.941,212558,4
pcarbomestre,4ioQKdmkdBTkqjhfHeu4YU,Das ist alles von der Kunstfreiheit gedeckt,0.598,0.348,3,-12.785,0,0.0575,0.912,7.31e-5,0.0957,0.479,165.04,228840,4
pcarbomestre,12qGES2KEsgLjLAmm4bWSb,The Twelve Theme,0.398,0.0427,1,-28.55,1,0.0312,0.973,0.913,0.104,0.0553,134.796,198898,3
pcarbomestre,2vcSVZPq2lFAnlvCotuPtU,Un Veneno,0.689,0.288,2,-14.29,1,0.305,0.871,8.43e-4,0.105,0.311,82.348,193293,4
pcarbomestre,58q2HKrzhC3ozto2nDdN4z,I Like It,0.816,0.726,5,-3.998,0,0.129,0.099,0,0.372,0.65,136.048,253390,4
pcarbomestre,3B4q6KbHbGV51HO3GznBFF,What I Got,0.804,0.696,7,-7.47,1,0.0899,0.00877,9.85e-4,0.314,0.657,95.721,170907,4
pcarbomestre,7bJ6xGa3RG2dQgNiK10uAv,Chalkboard,0.432,0.109,9,-15.925,0,0.0368,0.889,0.772,0.0939,0.0797,92.682,65040,4
pcarbomestre,39S4tvewCjTWwJG0SVMr8O,Simple Harp Variation No. 2,0.413,0.197,8,-26.103,0,0.0424,0.447,0.554,0.0922,0.19,113.039,150547,4
pcarbomestre,6MB1LZG7ZuaGNQIxKXkWPA,Aftermath,0,0.0574,9,-24.252,0,0,0.778,0.958,0.171,0,0,86193,0
pcarbomestre,4XwGrhiOTz0FapbeOdtCpN,Mi Amor,0,0.0471,2,-27.968,0,0,0.963,0.488,0.144,0,0,79553,0
pcarbomestre,2tvHfzEE5DH4q0WQBtAm6P,Tomorrow,0.206,0.13,10,-16.723,0,0.0316,0.719,0.945,0.121,0.108,86.025,231120,4
pcarbomestre,2AHCwRVNNLhUsEv4pgXCFM,The Way We Do - French 79 Remix,0.597,0.298,6,-21.155,0,0.0472,0.873,0.914,0.365,0.112,126.015,353133,4
pcarbomestre,1MoN51Q8Mm7A5DsllooVFS,One of Twelve,0.0836,0.105,4,-21.055,0,0.0396,0.853,0.932,0.0924,0.0286,170.468,189441,5
pcarbomestre,6g2XiRh83esGwiYLdiGJXL,Halmeoni,0.194,0.0274,1,-26.213,1,0.0403,0.821,0.957,0.11,0.151,137.72,83840,1
pcarbomestre,0VX7J8GzxgEJgl1KZSsqsR,Niamos! (Coruscant Lounge Mix),0.456,0.02,8,-32.089,0,0.0551,0.934,0.948,0.0894,0.07,126.046,147444,4
pcarbomestre,0zEpypbhNaiQU5tCpS1yY6,Sextant,0.488,0.114,7,-28.981,0,0.0393,0.979,0.801,0.122,0.529,105.001,105933,1
pcarbomestre,3U49Dp3UFFdkWqXkJKXBVd,Synth For The Devil,0.721,0.524,10,-12.234,0,0.064,0.0159,0.75,0.111,0.565,118.005,230699,4
pcarbomestre,7CuXB3Dr61IvDFEWfqG3sE,More,0.709,0.528,0,-11.127,0,0.0407,0.0458,0.896,0.128,0.113,124.027,216700,4
pcarbomestre,6rFUzRERC5kuSCN8rYE8MU,Dragons,0.259,0.0572,5,-29.119,1,0.0466,0.933,0.992,0.165,0.0348,67.167,74120,3
pcarbomestre,5DgYdvipuyu3YWmo2MDWDu,Unbound,0.135,0.0285,9,-24.029,0,0.0415,0.947,0.893,0.1,0.0351,76.033,117093,1
pcarbomestre,7LXLgoroFNCQQpMQt0tMA7,Everybody Walkin' This Land,0.705,0.424,7,-8.459,1,0.0412,0.842,0.00501,0.204,0.357,96.056,186112,4
pcarbomestre,0lwUIYJfWGB8qUEAJtYfb6,Broken Bones,0.779,0.486,5,-7.205,1,0.193,0.802,5.76e-5,0.0992,0.654,123.993,245960,4
pcarbomestre,3Ozx6IrGdoQyAworJzvBDE,Sleeping on the Blacktop,0.567,0.311,2,-14.464,0,0.0455,0.822,0.23,0.11,0.478,83.11,192480,4
pcarbomestre,5WFJ17ke5ldHuM0X3J5ddz,Outlaw State Of Mind,0.453,0.713,0,-9.494,1,0.0366,0.0305,0.536,0.124,0.399,116.791,335293,4
pcarbomestre,30NN8he5J3UlLof74T0xtQ,Disparues - Main Theme,0.331,0.0992,4,-23.445,0,0.0312,0.979,0.939,0.0781,0.0341,160.161,80587,3
pcarbomestre,064Cbr3JeFJaBySPtp91eh,Malaika,0.496,0.237,2,-15.938,1,0.06,0.741,0,0.0752,0.48,169.943,253973,4
pcarbomestre,1AxAPXcUcH3nXXeCeG0kGV,The Girl From Ipanema,0.657,0.169,5,-16.875,0,0.036,0.898,1.9e-4,0.0837,0.456,129.772,322333,4
pcarbomestre,7z6VzZhqNzBneMs1wTRbIx,The Lineman - Prelude And Development,0.173,0.141,0,-13.501,0,0.0388,0.794,0.977,0.138,0.0373,117.697,130173,5
pcarbomestre,0uEv3TJJXLtLc5K5AyDb0R,Phoenix,0.236,0.00275,1,-36.092,0,0.0395,0.855,0.599,0.0811,0.123,80.06,117453,4
pcarbomestre,4jY2c0mzMwB9PZbGEeCZZn,Excerpts From The Blues,0.623,0.217,0,-15.607,1,0.0452,0.886,0.85,0.126,0.54,100.421,184293,4
pcarbomestre,4DopV4z3oU61dlB5JLBxAp,Valse à Rosenberg,0.525,0.827,8,-5.837,1,0.0411,0.898,0.703,0.084,0.889,121.594,107560,3
pcarbomestre,1Q8wiqKJHdLfWKCVZiuB18,Hymn - Mvmt 3: Elegy,0.152,0.144,7,-20.269,0,0.0514,0.96,0.975,0.0815,0.0346,135.035,166846,4
pcarbomestre,42cD2nQjoorn9bHHwfWWBP,Hymn - Mvmt 1: Prelude,0.0763,0.126,8,-16.537,1,0.0456,0.895,0.989,0.0896,0.0362,173.682,233067,4
pcarbomestre,14BOSGH6R6FgksCvu8c9iM,"Andante Moderato - End Credits - ""Amen""",0.121,0.161,0,-14.012,0,0.0477,0.759,0.945,0.131,0.0362,84.788,170379,3
pcarbomestre,114icuYyia155Sr74KeQ6W,"Rondo in F Minor for Piano and Orchestra - ""Kendall's Journey""",0.527,0.226,1,-14.611,1,0.0377,0.874,0.907,0.113,0.23,74.385,87373,4
pcarbomestre,5pn4wdFwix4qr5SlNyRw7W,The Middle of the World,0.329,0.301,7,-14.762,0,0.0413,0.929,0.88,0.11,0.0465,63.519,122253,3
pcarbomestre,3Jqj5iGN9OeK6aTJhjKSEA,The Frozen Planet - From Frozen Planet II,0.0631,0.255,2,-14.752,1,0.04,0.66,0.459,0.0617,0.0371,50.696,263483,3
pcarbomestre,5RFidx9Bh9qLPKfpwpPJQr,SAL FINA,0.731,0.767,2,-7.434,1,0.221,0.001,0,0.307,0.293,88.021,168000,4
pcarbomestre,6EToxVugFcoi0f82FBpbdf,Rocío de Todos los Campos (feat. Los Macorinos),0.506,0.125,2,-16.295,0,0.0457,0.951,9.19e-4,0.103,0.219,79.275,288733,4
pcarbomestre,2dxpKzhDZXIOssN4ol4e3f,Vermelho,0.675,0.596,7,-11.815,0,0.0392,0.199,0.212,0.236,0.781,143.923,223387,4
pcarbomestre,15nmRF9KmR6GfnVzMi0UlU,Gasoline,0.488,0.717,9,-6.132,0,0.0342,0.0432,0,0.132,0.395,128.063,204095,4
pcarbomestre,0TEgK2OCQibruKMkHRkB4q,Cumbia Espacial,0.708,0.888,8,-8.157,1,0.0468,0.358,0.756,0.158,0.77,91.323,245280,4
pcarbomestre,5Rk5sEHwAsroPFOjRBxogp,Babalu,0.66,0.558,8,-7.59,1,0.187,0.349,1.61e-5,0.0939,0.62,131.731,271467,4
pcarbomestre,5ihtr3hVJJ7GWgagDiyf1i,Nada,0.383,0.617,1,-8.431,0,0.0464,0.672,0.0286,0.112,0.641,78.207,298809,4
pcarbomestre,6GAWfJCEiQZoRtVFaoxscP,Qué Facilidad,0.975,0.66,4,-4.896,0,0.0485,0.421,2.39e-4,0.0816,0.718,112.992,213648,4
pcarbomestre,2kRFrWaLWiKq48YYVdGcm8,Everything In Its Right Place,0.296,0.463,5,-11.412,0,0.0449,0.705,0.0482,0.0954,0.0629,123.943,251427,5
pcarbomestre,2K5laBSa5jVN1R7WBWC1ZX,Rhymes Of An Hour,0.561,0.167,7,-18.252,1,0.0321,0.434,0.0294,0.107,0.243,77.879,252773,3
pcarbomestre,5Wcz0MyZQa7tgPu62WMqzl,Héroes del Sábado,0.531,0.686,10,-6.309,1,0.0359,0.263,0,0.0975,0.316,135.97,244767,4
pcarbomestre,7qSYymHEX6i0hHof9EjqWW,1932,0.551,0.361,0,-15.89,1,0.0333,0.0179,2.11e-6,0.0997,0.31,135.13,180884,4
pcarbomestre,0WV8bX9ENIsOKfvy1SWV7i,Un lunes,0.303,0.261,9,-9.766,1,0.0372,0.54,4.89e-6,0.0916,0.119,79.647,211570,4
pcarbomestre,6dDhaHqJ3wUD3jbjGUBwzh,El Conticinio,0.63,0.106,4,-22.447,1,0.0535,0.916,5.76e-6,0.108,0.181,110.05,213994,4
pcarbomestre,5QAya5bSSiKlh1h4qeeq38,Guantanamera,0.512,0.263,9,-10.421,1,0.0855,0.875,0,0.11,0.359,98.6,190762,4
pcarbomestre,1PnOzUB8CP0SVwVmMkqY3k,Bistro Fada,0.578,0.322,4,-12.712,0,0.0553,0.851,0.919,0.0902,0.826,198.328,185200,3
pcarbomestre,5bodDpPolC3xlame0SVcDY,Angela,0.668,0.563,4,-8.23,1,0.0305,0.649,3.47e-4,0.11,0.289,130.366,201786,4
pcarbomestre,4xIEGm9vCYmdrz4tLWczM4,Open Road - EP Version,0.564,0.455,5,-8.282,1,0.0369,0.807,1.84e-4,0.0832,0.305,132.196,258731,4
pcarbomestre,3Kj2EWpIBnvETsYq4cq0IH,Big Black Car,0.6,0.186,3,-15.926,1,0.0317,0.909,0.00102,0.104,0.468,110.044,217467,4
pcarbomestre,5fpEDGQX0Ah3utGnFYulQZ,Keep Your Head Up,0.508,0.596,4,-9.034,0,0.0334,0.439,9.84e-6,0.111,0.4,79.359,264547,4
pcarbomestre,3FWCnFxAvBVGcMKL1KMf17,Young Lady,0.312,0.383,5,-13.459,0,0.0551,0.938,0.0398,0.0571,0.109,128.873,255467,5
pcarbomestre,3vq4rG9kAtCk1QHfUM1fvR,Ernie,0.6,0.365,9,-13.083,0,0.0498,0.0672,0.586,0.0921,0.132,130.051,437200,4
pcarbomestre,0oucyVmfZtpU608vpYA1rs,Guajira Sicodélica,0.743,0.854,11,-5.725,0,0.0373,0.0158,0.825,0.344,0.756,137.157,212467,4
pcarbomestre,6m3ObG4d6M92hJWYplJfnb,soleil soleil,0.439,0.202,5,-11.399,0,0.0335,0.945,1.68e-5,0.253,0.56,113.464,157867,4
pcarbomestre,7as88HhLbDLgobaSbJrVBs,Ceux qui rêvent,0.432,0.419,8,-8.018,0,0.0346,0.869,7.94e-5,0.103,0.658,133.713,118387,4
pcarbomestre,1KhqSLS8YafrUCbjrn8WxZ,Club de fans de John Boy,0.644,0.819,11,-8.05,0,0.0324,0.136,0.00283,0.233,0.782,132.037,231160,4
pcarbomestre,079Qhje1YFGDV6Ccc64R0S,Lucha De Gigantes,0.727,0.481,4,-6.5,0,0.0301,0.339,4.01e-5,0.159,0.361,108.105,206880,4
pcarbomestre,4Vnqf6VUV84hET5vLdS4MM,Crazy Love,0.377,0.383,8,-12.524,1,0.0323,0.0687,0.0567,0.139,0.297,100.727,244760,4
pcarbomestre,51Fi8flrG3IHrFeU4G198k,"Gianni Schicchi: ""O mio babbino caro""",0.255,0.194,8,-18.924,1,0.044,0.979,0.375,0.678,0.0799,128.548,169253,3
pcarbomestre,1SIdietqp8lUZGyeGACpxj,"Turandot / Act 3: ""Nessun dorma!""",0.211,0.297,2,-12.519,1,0.0399,0.961,0.00366,0.349,0.0793,78.778,180933,3
pcarbomestre,0jx14YrpPfyZJIZCRR9alV,tombeau - A COLORS SHOW,0.188,0.229,10,-13.716,1,0.0362,0.969,0.00313,0.105,0.0673,80.653,191781,4
pcarbomestre,6w6ztw7uViCx89B81b3yMj,The Siren,0.408,0.471,7,-6.969,0,0.0446,0.273,0.00119,0.137,0.302,122.537,360587,3
pcarbomestre,3XREkzDHsWdBL5tybyCDBH,SloMo,0.728,0.814,1,-3.29,0,0.0571,0.125,0.00448,0.0927,0.594,104.962,176286,4
pcarbomestre,0khVEzctbwmqLvOpg1ecbg,Ay Mamá,0.687,0.56,1,-6.399,1,0.0364,0.133,7.45e-6,0.146,0.32,126.995,181695,4
pcarbomestre,4vrUCtUAf1j9P4r8NVYWgG,Atmosphere in B Minor,0.19,2.5e-4,6,-38.284,1,0.0468,0.979,0.931,0.118,0.0351,73.112,112853,4
pcarbomestre,0gFs6s97mFv4Ls4E13aOpC,Andante in C Minor - Solo Piano,0.372,0.0557,0,-20.11,0,0.0504,0.984,0.906,0.115,0.057,76.702,105600,4
pcarbomestre,2tr4oclswJ6v3dfDlI01HD,Them,0.3,0.212,6,-21.017,1,0.0333,0.847,0.861,0.062,0.0553,199.617,239769,3
pcarbomestre,2mcjj59tXFEFKZOCvJmbrG,Mi Amor por Ti No Se Murio - Tu Lo Mataste,0.871,0.653,2,-5.09,1,0.0409,0.591,1.19e-4,0.252,0.913,131.975,267227,4
pcarbomestre,7C5pur4EKhyZxUaUa9qxjQ,Consejo de Sabios,0.245,0.54,4,-7.153,0,0.0343,0.156,3.55e-4,0.107,0.269,93.622,318280,4
pcarbomestre,3AAwJ043uT1wXSKDtGyuxF,Misty Mountains,0.195,0.0111,7,-31.641,0,0.0337,0.845,8.81e-4,0.112,0.3,83.735,103025,1
pcarbomestre,7epe37kYbhgDxaBUQOaHgx,Tonada De Luna Llena,0.521,0.153,4,-21.151,0,0.048,0.951,0.0101,0.0941,0.391,132.751,187267,1
pcarbomestre,6wNnwGKmH9u2HSAjUQ4kdR,Tierra,0.437,0.532,4,-11.022,1,0.0329,0.676,6.46e-4,0.101,0.543,87.02,238387,4
pcarbomestre,0ojKUWCSDyATa8s2jGYwlD,Déjalo ir (feat. Coque Malla) - En Estudio Uno,0.645,0.534,5,-9.167,1,0.0293,0.669,0.0198,0.108,0.436,105.687,225773,4
pcarbomestre,3StrDDx6vMTLBmrHWWrUbi,She Is On It,0.66,0.0172,4,-28.143,0,0.0667,0.902,0.0592,0.0783,0.198,120.57,64780,3
pcarbomestre,3iegFguRAOwkN3Xk5dqUTI,Rafa Tries,0.265,0.133,2,-21.357,1,0.0604,0.798,0.888,0.0789,0.058,86.25,51280,3
pcarbomestre,0e65QVrMKl4ZKtoWBYpOqx,Ronrorchestra,0.396,0.159,4,-17.858,0,0.0362,0.97,0.897,0.132,0.15,81.556,239425,3
pcarbomestre,4bZEZhCq2kqUxnMacXVl5x,Copenhague,0.559,0.742,9,-3.945,1,0.0243,0.411,0.0107,0.133,0.482,92.959,303693,4
pcarbomestre,2UQWW8rhNJo5tBt77LnbZH,I Need You,0.45,0.341,7,-14.218,1,0.0327,0.0364,2.84e-4,0.0405,0.366,118.782,415600,4
pcarbomestre,450v4iRyLvyOwNInkQVCbP,Scattershot,0.469,0.307,0,-11.163,1,0.0293,0.184,0.00193,0.111,0.2,111.577,220848,4
pcarbomestre,2fpDrL2Vpee0JnM6AoUFvl,Silver Lining,0.486,0.638,0,-6.231,1,0.0323,9.21e-4,0,0.078,0.178,144.458,199827,4
pcarbomestre,3ubsmZHxibRIz1q9rWf3ff,La Marea,0.584,0.36,2,-9.73,0,0.0484,0.83,0.00392,0.0867,0.212,79.919,223493,4
pcarbomestre,6f3Slt0GbA2bPZlz0aIFXN,The Business,0.798,0.62,8,-7.079,0,0.232,0.414,0.0192,0.112,0.235,120.031,164000,4
pcarbomestre,14oPw9QpYq1uUUD9aicwCZ,Ancestor Song,0.621,0.461,7,-11.321,1,0.0316,0.227,0.765,0.121,0.0549,89.01,361856,4
pcarbomestre,754wVXWrtf1X3ZHQOFFsnR,Toes,0.639,0.347,1,-12.322,0,0.0421,0.406,2.68e-4,0.215,0.247,72.978,254640,4
pcarbomestre,7pfG4tSlLiJCXFCHXpr5os,Phyllis,0.528,0.8,9,-5.844,0,0.0363,2.03e-4,0.924,0.125,0.382,88.007,410333,4
pcarbomestre,7qgZ6eQaWLyxyn9EG2NIId,No Me Voy a Rendir,0.77,0.594,0,-5.021,1,0.112,0.11,0,0.0785,0.842,130.064,253475,4
pcarbomestre,6yalDzJGNoUQ2qSDlAdqU8,"King Without a Crown - Live at Stubb's, Austin, TX - February 2005",0.604,0.771,0,-6.591,0,0.0609,0.0876,0,0.716,0.7,94.161,288600,4
pcarbomestre,5e9TFTbltYBg2xThimr0rU,The Chain - 2004 Remaster,0.545,0.67,9,-8.81,1,0.0496,0.009,8.22e-4,0.0451,0.481,151.553,270213,4
pcarbomestre,23BXUBukLeyZa0wg4qesii,Virgo,0.727,0.464,8,-9.634,1,0.0603,0.733,2.33e-6,0.102,0.222,85.986,272800,4
pcarbomestre,1vSKloqDdLBaRzmRyzyXFL,Still Dre - Piano Version,0.742,0.294,9,-16.604,0,0.137,0.979,0.765,0.093,0.663,93.501,273369,4
pcarbomestre,6Wp2paa3hhokVTqWWgcBzY,Kartikkeya,0.669,0.779,8,-5.328,0,0.104,0.252,2.52e-5,0.145,0.632,95.069,235422,4
pcarbomestre,5MsddqOXyQjDKvlrV9ru5H,Philip,0.064,0.134,9,-21.731,0,0.0379,0.212,0.869,0.119,0.0301,64.801,183547,4
pcarbomestre,0WlIsoZO70rddJrsal9Tqm,Before the Beginning,0.239,0.268,4,-18.225,0,0.0449,0.339,0.719,0.0671,0.15,179.438,549413,3
pcarbomestre,1nFtiJxYdhtFfFtfXBv06s,Something In The Way,0.427,0.201,8,-13.044,1,0.0317,0.745,0.263,0.109,0.0668,105.218,232147,4
pcarbomestre,2IqjKEBiz0CdLKdkXhxw84,Retrograde,0.533,0.251,7,-11.283,0,0.0372,0.873,0.104,0.134,0.186,77.503,223600,4
pcarbomestre,1FZDPBjYFzJu7h9yip9yX3,Run,0.352,0.38,7,-13.612,0,0.036,0.658,0.0446,0.0841,0.267,92.956,246987,4
pcarbomestre,3FAclTFfvUuQYnEsptbK8w,Back To Black,0.403,0.422,7,-13.964,0,0.0373,0.134,2.05e-5,0.0861,0.378,122.728,241293,4
pcarbomestre,4vJ2nNBA6sxAUN5kLGPq3Q,Riverside,0.449,0.179,9,-13.474,0,0.0408,0.985,3.67e-4,0.134,0.24,197.877,228547,3
pcarbomestre,2EonHZmKlTdesCYLO2R6FN,Vida d'oferta,0.804,0.903,10,-5.285,0,0.0515,0.135,1.37e-5,0.253,0.891,171.015,172360,4
pcarbomestre,6mPKyqqXTc4dvd98njmtTH,Bye bye,0.594,0.886,4,-4.868,0,0.215,0.569,0.00207,0.0952,0.84,113.273,164907,4
pcarbomestre,41hJ7rZXZz9ZwJLoVoYKoO,Goodline,0.811,0.81,1,-6.233,0,0.0992,0.473,0.0199,0.0899,0.401,119.993,162053,4
pcarbomestre,3NolL8Ds5qRrYQSVUBKicn,23 de Junio,0.442,0.473,9,-8.63,0,0.0394,0.616,1.17e-6,0.0693,0.547,172.879,207480,3
pcarbomestre,2Ale21FofymOjkaF0SqT6N,Ville morose,0.359,0.324,1,-10.22,1,0.0287,0.866,0.102,0.108,0.127,168.875,203219,3
pcarbomestre,1Xtz05nIgJiEYdncfd1w8h,Soledad y el Mar (feat. Los Macorinos),0.726,0.177,1,-14.824,0,0.0353,0.896,2.14e-6,0.116,0.618,92.934,214547,4
pcarbomestre,3ztnp89aCU5OMQBlbIkEI8,Pequeña Gran Revolución,0.578,0.791,9,-5.758,1,0.0315,0.0975,5.58e-5,0.118,0.162,105.042,275493,4
pcarbomestre,1hzT6QSmg5phzqL2oz3QQ9,Bill Murray,0.55,0.697,2,-6.325,0,0.0385,0.173,0,0.0764,0.337,94.343,340385,4
pcarbomestre,47nn8l14VASnhqtV33XGgs,La Increíble Historia del Hombre Que Podía Volar Pero No Sabía Cómo,0.548,0.838,11,-5.683,1,0.161,0.0761,1.34e-4,0.327,0.438,156.914,289140,4
pcarbomestre,4JC0hNl7uMYcgJB4JJ6uxV,Va a Escampar,0.508,0.859,9,-5.723,0,0.0407,0.169,0,0.582,0.475,125.929,278227,4
pcarbomestre,1OArWxrw689jZXaJzSErbh,"Quiet, The Winter Harbor",0.321,0.0792,5,-17.737,1,0.0329,0.973,0.104,0.0888,0.106,145.293,255358,3
pcarbomestre,5STDVTFO7ziu4LDaaRCx2n,El Pescador,0.488,0.718,10,-9.128,0,0.112,0.774,0,0.687,0.813,170.74,247307,4
pcarbomestre,2Qkk5xpMVrOrXj1K1Wv40P,Tocarte,0.925,0.5,6,-9.576,0,0.145,0.418,0.0203,0.0555,0.813,133.931,151525,4
pcarbomestre,4pjP1IGE3JC0jDvgPkHHcg,Heaven Only Knows,0.56,0.55,6,-5.875,1,0.0287,0.0015,4.26e-6,0.321,0.0776,106.993,262427,4
pcarbomestre,0pAiyIHt9DyHOjWgF41kp6,Steal,0.729,0.456,6,-6.795,0,0.0528,0.62,1.33e-4,0.0919,0.221,110.999,219946,4
pcarbomestre,33R3swWziWYmnDYvZqcZVS,Crystalised,0.762,0.484,11,-12.368,0,0.0311,0.812,0.389,0.0841,0.415,122.916,201947,4
pcarbomestre,2EWnKuspetOzgfBtmaNZvJ,Familiar,0.561,0.419,4,-12.254,1,0.0313,0.921,0.0252,0.108,0.227,137.39,235989,4
pcarbomestre,2ocXJYrJavY7KTqIyTZNsD,Lord It's a Feeling,0.488,0.523,4,-8.55,0,0.0315,0.331,2.8e-4,0.149,0.0553,160.047,252059,4
pcarbomestre,18mpSXpjDzwVTBSRDLKrTQ,How Does It Feel,0.734,0.66,11,-5.666,0,0.0528,0.0798,0,0.3,0.319,104.001,211512,4
pcarbomestre,12LOYGBr0T0IqyuhEILYFh,La clé des champs,0.461,0.526,6,-10.668,1,0.0506,0.00142,0.861,0.108,0.0401,120.011,416000,4
pcarbomestre,1MBvaW8VuLtr5He0MCxTna,Cinnamon Tree,0.526,0.357,7,-8.054,1,0.0316,0.577,7.46e-6,0.106,0.423,95.961,236173,4
pcarbomestre,7JRN5xOUIrnI4crUMOt6X4,Drone Logic,0.648,0.712,9,-7.222,1,0.0333,0.131,0.843,0.287,0.104,114.027,429453,4
pcarbomestre,2YG3fktEoHQAUlXP9VtmRN,Like Water (feat. Mohna),0.583,0.48,0,-13.496,0,0.0499,0.515,0.882,0.089,0.0389,109.999,217581,4
pcarbomestre,3wAEhWSx5GvfCkqJ1SPA5S,"Goodbye (feat. Soap&Skin) [Theme from Dark, A Netflix Original Series]",0.482,0.457,1,-13.99,0,0.0449,0.406,0.618,0.297,0.202,87.166,256787,4
pcarbomestre,7hanhZrUArC9qUerln4jh1,Fake Empire,0.325,0.768,0,-6.791,1,0.0334,0.143,0.909,0.0731,0.311,101.961,205040,3
pcarbomestre,2BNLsTMuFxa6pTDREWhmph,Facing West,0.58,0.0673,4,-13.814,1,0.0343,0.978,1.19e-5,0.0963,0.185,84.481,159533,4
pcarbomestre,46XsYaL0OPoeLbvc8Ig3wm,Hold Your Own,0.651,0.246,2,-11.141,1,0.112,0.882,4.43e-5,0.111,0.184,94.585,247013,4
pcarbomestre,7Da5ZjoeYNKe4BzP1xJFDN,Three Sided Coin,0.632,0.534,2,-9.749,1,0.449,0.843,2.85e-4,0.11,0.282,116.175,242173,3
pcarbomestre,6Qb7gtV6Q4MnUjSbkFcopl,50 Ways to Leave Your Lover,0.815,0.372,7,-12.814,1,0.0752,0.166,1.16e-4,0.0767,0.293,101.684,217347,4
pcarbomestre,0qprlw0jfsW4H9cG0FFE0Z,Cold Little Heart,0.489,0.404,8,-7.815,1,0.0261,0.487,0.0485,0.14,0.153,108.01,597600,4
pcarbomestre,6FKasUNG1KT4r9TR9rKdll,St. James Infirmary,0.892,0.191,5,-14.977,0,0.0599,0.522,0.761,0.109,0.46,106.55,231107,4
pcarbomestre,2g1KggY9PKvsoEAOaiz4xx,Daisy,0.834,0.663,8,-6.143,1,0.133,0.235,0,0.372,0.774,121.876,146523,4
pcarbomestre,2MfB3sWlZofD6zgje0q2F6,Cuando coño se dice ole,0.685,0.63,6,-12.075,0,0.0497,0.527,0.73,0.0907,0.443,99.936,172800,4
pcarbomestre,5XkFY9AdesErbMzRpBo4Ja,Outlook Remains Untouched,0.707,0.496,0,-15.753,1,0.0437,0.166,0.874,0.0806,0.234,135.01,391111,4
pcarbomestre,2i4685wn3HX0ciTg4D2MOu,This Is Where It Ends,0.276,0.145,10,-13.48,1,0.0328,0.908,0.182,0.113,0.0688,133.994,233533,4
pcarbomestre,4MOCTiC5mMrJuhLFSNjiIM,Una Rosa Blanca,0.463,0.672,8,-6.071,0,0.0498,0.728,0.743,0.0993,0.522,74.916,338000,4
pcarbomestre,1RF1l0z7Dy6idHwMFhau0E,Doubt,0.56,0.338,6,-7.368,1,0.0435,0.28,2.6e-4,0.137,0.214,124.835,259865,3
pcarbomestre,3sTomlxN1GeL5Bbkx0svUE,Calcutta Blues - Remastered,0.479,0.243,0,-20.914,1,0.0562,0.877,0.836,0.146,0.469,155.727,595813,4
pcarbomestre,1YQWosTIljIvxAgHWTp7KP,Take Five,0.454,0.26,8,-13.193,0,0.0401,0.539,7.8e-4,0.0675,0.598,174.322,324133,5
pcarbomestre,65xad41KsIeflUDPzKId2g,Breathe,0.424,0.351,7,-10.961,1,0.0301,0.658,0.546,0.109,0.126,133.811,195213,4
pcarbomestre,3FQ5m7CL3BfscnqXuNcNFR,Suburban Odyssey,0.638,0.904,8,-3.67,0,0.0528,0.0021,0.916,0.0872,0.918,120.001,375328,4
pcarbomestre,4iCn374fZg5UbGD1xFNo1m,"Symphony No. 3, Op. 36: II. Lento e Largo - Tranquillissimo",0.0632,0.0765,10,-19.785,0,0.0433,0.889,0.473,0.109,0.028,69.684,567987,4
pcarbomestre,1uN96tTlsZNeS74lZ6D2OB,"Nisi Dominus, RV 608: 4. ""Cum dederit"" (Andante)",0.253,0.0871,7,-19.28,0,0.0478,0.99,0.51,0.102,0.0367,72.85,243867,4
pcarbomestre,3bOj9S4NWVvNzSRyYULFs2,On the Road,0.526,0.778,9,-9.169,0,0.152,0.0682,5.71e-4,0.22,0.568,90.863,199667,4
pcarbomestre,2pJEBRwn1Nn7lOgbQ9sAGx,Jo i la il·lusió,0.235,0.441,5,-7.924,0,0.0332,0.376,0.124,0.119,0.244,104.147,237120,3
pcarbomestre,042Sl6Mn83JHyLEqdK7uI0,Your Power,0.632,0.284,9,-14.025,0,0.0801,0.932,4.76e-4,0.233,0.208,129.642,245897,4
pcarbomestre,5jhBwnqzNNrENXnYrAdoCe,Everybody Dies,0.275,0.155,7,-17.285,0,0.0674,0.928,0.176,0.0888,0.0588,65.136,206623,3
pcarbomestre,6pZAfbCHf1n85a3MSPuDDY,My Road Leads into the Desert,0.148,0.0195,4,-19.122,0,0.0461,0.46,0.948,0.0917,0.0299,105.085,232200,4
pcarbomestre,2JYxMJ0rx5igtboSLiCUB7,Bad Kingdom - DJ Koze Remix,0.692,0.733,9,-11.525,0,0.0393,5.64e-4,0.77,0.0801,0.243,117.991,466653,4
pcarbomestre,47RDzk3uT014BXqc4oevq5,Underwater,0.521,0.519,2,-7.757,0,0.0857,0.697,7.77e-4,0.0633,0.253,84.812,240813,4
pcarbomestre,2WOjLF83vqjit2Zh4B69V3,"Don't Think Twice, It's All Right",0.6,0.243,4,-17.085,1,0.0366,0.89,0.0022,0.249,0.468,110.535,217400,4
pcarbomestre,5Plx6OhvSukqCRdZ52wUXz,Farewell Transmission,0.431,0.538,11,-8.147,1,0.0302,0.0909,0.0186,0.0817,0.472,148.105,442107,4
pcarbomestre,7g47zhlHA94AfgJgPRfHxf,Herencia Latina in E Minor,0.359,0.23,6,-18.665,0,0.055,0.902,0.911,0.319,0.802,90.521,226720,3
pcarbomestre,32gDCz7vdl44dVBiApkse2,La gent que estimo,0.341,0.244,10,-13.247,1,0.0383,0.882,4.48e-5,0.226,0.141,102.557,239760,3
pcarbomestre,2ixiA4aH4VWCatWcqjvX2k,Days of Our Lives,0.91,0.233,3,-8.335,1,0.103,0.736,0,0.145,0.817,94.966,142307,4
pcarbomestre,1knUACOt5yfNAYn7gnYQVt,Work,0.623,0.296,1,-8.036,1,0.0311,0.522,0.211,0.0801,0.158,129.949,224482,3
pcarbomestre,29DpBWFwXBnJDxXBxrdTZD,The Fool,0.493,0.458,7,-10.62,0,0.0329,0.654,0.758,0.227,0.119,132.759,252062,4
pcarbomestre,77yCifmRliS4JZAATFc4E1,Feelin' Good,0.613,0.698,11,-13.431,0,0.037,1.96e-4,0.807,0.105,0.36,126.001,512381,4
pcarbomestre,7GaflNzPucLzU07hW3j8d4,Fine Corinthian Leather,0.593,0.487,5,-13.167,0,0.0384,0.133,0.812,0.138,0.7,77.295,364920,4
pcarbomestre,4dmpNeoiu2E3MJQGBSF8QW,Will Soon Be a Woman,0.236,0.369,4,-13.608,0,0.031,0.875,0.915,0.0707,0.124,67.438,331000,3
pcarbomestre,273VxALm722DRN4PNujOF8,Clair de Lune,0.353,0.35,1,-9.708,1,0.0326,0.775,0.854,0.133,0.208,131.911,667733,3
pcarbomestre,7qmPa8g9UU8OOQhYAdFGuY,I Put A Spell On You,0.386,0.382,6,-6.732,0,0.03,0.773,0.00859,0.111,0.231,115.908,237845,4
pcarbomestre,6RkGrUeBntd8PSKBdLlt7q,Marseille (feat. Abd Al Malik),0.434,0.301,0,-15.755,1,0.0447,0.768,0.00132,0.241,0.315,85.82,443480,4
pcarbomestre,2tEDGg3M8C6wdpglmIQySS,La Llorona,0.426,0.243,9,-12.033,0,0.0284,0.662,0.731,0.0891,0.0691,100.381,360053,3
pcarbomestre,5ORxITsfjK4WUkRSmhKJL3,Baltimore,0.541,0.517,4,-13.84,0,0.0528,0.579,0.142,0.669,0.166,65.771,305173,4
pcarbomestre,4OhTF2HxbbxFzGMAQYaFPx,Nocturne No. 1 in D Minor,0.669,0.14,2,-14.586,0,0.0677,0.923,0.891,0.0642,0.245,117.559,206480,4
pcarbomestre,5wAeCI3UlhKvs0RSJKQd9l,Kreyol,0.879,0.756,0,-5.544,0,0.255,0.585,0.818,0.0892,0.713,91.949,223413,4
pcarbomestre,6Li3SBVnG9rEmMzABKs1EJ,Armada,0.0991,0.287,1,-14.701,1,0.0364,0.0279,0.888,0.15,0.0369,89.752,309373,4
pcarbomestre,7tC5XfOQwKndD7NaanmbFa,Six Sixty Groove,0.748,0.922,11,-9.349,0,0.175,9.7e-5,0.059,0.049,0.428,127.028,320509,4
pcarbomestre,7hWuW5wngkJxrHku0TMwDC,Chopinesque,0.332,0.18,6,-14.044,0,0.0397,0.961,0.893,0.112,0.155,67.769,222573,4
pcarbomestre,2wVrDSnhFnwy9SQLgP9Yiq,Ohio,0.425,0.204,2,-13.097,0,0.0334,0.978,4.81e-4,0.11,0.121,122.093,292760,4
pcarbomestre,1J24vNYCuLaJ3qm0SioL8A,Remembering,0.248,0.377,9,-19.902,0,0.0531,0.94,0.881,0.114,0.0837,176.077,314213,4
pcarbomestre,5ROsG1nL9gIDyIlpvlxIe9,Hero - Intro,0.669,0.0921,2,-20.459,0,0.0291,0.84,0.00327,0.102,0.688,75.189,80053,4
pcarbomestre,2Y61ZvCuuLOhdkgl1B9ekh,Hero,0.532,0.942,4,-3.395,0,0.0348,0.0232,0.848,0.104,0.533,95.065,199133,4
pcarbomestre,50AWhpT326QvfEwgOOwAqU,Another Human Being,0.322,0.228,4,-25.536,0,0.0637,0.964,0.751,0.11,0.0388,82.228,111560,3
pcarbomestre,1I44zWi6wdcWcnd2B68Hio,Piano Joint (This Kind Of Love),0.466,0.385,11,-8.373,0,0.0307,0.849,0.0018,0.159,0.271,142.065,231587,4
pcarbomestre,46EuzanXhKwIc7755wLAvS,Home Again,0.524,0.321,9,-11.452,0,0.032,0.702,0,0.124,0.27,85.328,212373,4
pcarbomestre,7oOEFDLSQscl0uGulnIEmG,Love & Hate,0.278,0.494,7,-7.853,0,0.029,0.157,4.07e-4,0.173,0.527,169.661,427093,4
pcarbomestre,3aLq93pLZHx25jcFhfbEee,Solid Ground,0.398,0.176,2,-8.68,0,0.0311,0.743,0.00509,0.118,0.0691,139.941,233053,4
pcarbomestre,1t4KSsNCzrOT06Jm6aHuMA,Better Than Me,0.596,0.576,9,-8.092,0,0.0593,0.555,2.86e-5,0.15,0.501,167.953,225653,4
pcarbomestre,7sq2z9oX2S0CvgTqCZ0ko4,Strange,0.286,0.0847,2,-9.883,1,0.0397,0.934,6.94e-6,0.121,0.112,70.743,255987,4
pcarbomestre,6T13RaAXoaZYdi9zuurocW,The Scenic Route,0.538,0.186,2,-25.941,0,0.0382,0.914,0.921,0.0824,0.0898,102.008,109238,4
pcarbomestre,5q0FXGOfpj86DZ7j5MJKL1,Macmillan Utility,0.569,0.292,2,-21.824,0,0.0369,0.859,0.953,0.087,0.037,101.993,111970,4
